Jill,Doe
Joe,Doe
Justin,Doe
Jane,Doe
John,Doe
Jane,John
Bread,Peat
Iron,Man
Captain,America
Ant,Man
Jill,Doe
Joe,Doe
Justin,Doe
Jane,Doe
John,Doe
Jane,John
Bread,Peat
Iron,Man
Captain,America
Ant,Man
Jill,Doe
Joe,Doe
Justin,Doe
Jane,Doe
John,Doe
Jane,John
Bread,Peat
Iron,Man
Captain,America
Ant,Man
Jill,Doe
Joe,Doe
Justin,Doe
Jane,Doe
John,Doe
Jane,John
Bread,Peat
Iron,Man
Captain,America
Ant,Man
Jill,Doe
Joe,Doe
Justin,Doe
Jane,Doe
John,Doe
Jane,John
Bread,Peat
Iron,Man
Captain,America
Ant,Man
Jill,Doe
Joe,Doe
Justin,Doe
Jane,Doe
John,Doe
Jane,John
Bread,Peat
Iron,Man
Captain,America
Ant,Man
Jill,Doe
Joe,Doe
Justin,Doe
Jane,Doe
John,Doe
Jane,John
Bread,Peat
Iron,Man
Captain,America
Ant,Man
Jill,Doe
Joe,Doe
Justin,Doe
Jane,Doe
John,Doe
Jane,John
Bread,Peat
Iron,Man
Captain,America
Ant,Man
Jill,Doe
Joe,Doe
Justin,Doe
Jane,Doe
John,Doe
Jane,John
Bread,Peat
Iron,Man
Captain,America
Ant,Man
Jill,Doe
Joe,Doe
Justin,Doe
Jane,Doe
John,Doe
Jane,John
Bread,Peat
Iron,Man
Captain,America
Ant,Man
Jill,Doe
Joe,Doe
Justin,Doe
Jane,Doe
John,Doe
Jane,John
Bread,Peat
Iron,Man
Captain,America
Ant,Man
Jill,Doe
Joe,Doe
Justin,Doe
Jane,Doe
John,Doe
Jane,John
Bread,Peat
Iron,Man
Captain,America
Ant,Man
Jill,Doe
Joe,Doe
Justin,Doe
Jane,Doe
John,Doe
Jane,John
Bread,Peat
Iron,Man
Captain,America
Ant,Man
Jill,Doe
Joe,Doe
Justin,Doe
Jane,Doe
John,Doe
Jane,John
Bread,Peat
Iron,Man
Captain,America
Ant,Man
Jill,Doe
Joe,Doe
Justin,Doe
Jane,Doe
John,Doe
Jane,John
Bread,Peat
Iron,Man
Captain,America
Ant,Man
Jill,Doe
Joe,Doe
Justin,Doe
Jane,Doe
John,Doe
Jane,John
Bread,Peat
Iron,Man
Captain,America
Ant,Man
Jill,Doe
Joe,Doe
Justin,Doe
Jane,Doe
John,Doe
Jane,John
Bread,Peat
Iron,Man
Captain,America
Ant,Man
Jill,Doe
Joe,Doe
Justin,Doe
Jane,Doe
John,Doe
Jane,John
Bread,Peat
Iron,Man
Captain,America
Ant,Man
Jill,Doe
Joe,Doe
Justin,Doe
Jane,Doe
John,Doe
Jane,John
Bread,Peat
Iron,Man
Captain,America
Ant,Man
Jill,Doe
Joe,Doe
Justin,Doe
Jane,Doe
John,Doe
Jane,John
Bread,Peat
Iron,Man
Captain,America
Ant,Man
Jill,Doe
Joe,Doe
Justin,Doe
Jane,Doe
John,Doe
Jane,John
Bread,Peat
Iron,Man
Captain,America
Ant,Man
Jill,Doe
Joe,Doe
Justin,Doe
Jane,Doe
John,Doe
Jane,John
Bread,Peat
Iron,Man
Captain,America
Ant,Man
Jill,Doe
Joe,Doe
Justin,Doe
Jane,Doe
John,Doe
Jane,John
Bread,Peat
Iron,Man
Captain,America
Ant,Man
Jill,Doe
Joe,Doe
Justin,Doe
Jane,Doe
John,Doe
Jane,John
Bread,Peat
Iron,Man
Captain,America
Ant,Man
Jill,Doe
Joe,Doe
Justin,Doe
Jane,Doe
John,Doe
Jane,John
Bread,Peat
Iron,Man
Captain,America
Ant,Man
Jill,Doe
Joe,Doe
Justin,Doe
Jane,Doe
John,Doe
Jane,John
Bread,Peat
Iron,Man
Captain,America
Ant,Man
Jill,Doe
Joe,Doe
Justin,Doe
Jane,Doe
John,Doe
Jane,John
Bread,Peat
Iron,Man
Captain,America
Ant,Man
Jill,Doe
Joe,Doe
Justin,Doe
Jane,Doe
John,Doe
Jane,John
Bread,Peat
Iron,Man
Captain,America
Ant,Man
Jill,Doe
Joe,Doe
Justin,Doe
Jane,Doe
John,Doe
Jane,John
Bread,Peat
Iron,Man
Captain,America
Ant,Man
Jill,Doe
Joe,Doe
Justin,Doe
Jane,Doe
John,Doe
Jane,John
Bread,Peat
Iron,Man
Captain,America
Ant,Man
Jill,Doe
Joe,Doe
Justin,Doe
Jane,Doe
John,Doe
Jane,John
Bread,Peat
Iron,Man
Captain,America
Ant,Man
Jill,Doe
Joe,Doe
Justin,Doe
Jane,Doe
John,Doe
Jane,John
Bread,Peat
Iron,Man
Captain,America
Ant,Man
Jill,Doe
Joe,Doe
Justin,Doe
Jane,Doe
John,Doe
Jane,John
Bread,Peat
Iron,Man
Captain,America
Ant,Man
Jill,Doe
Joe,Doe
Justin,Doe
Jane,Doe
John,Doe
Jane,John
Bread,Peat
Iron,Man
Captain,America
Ant,Man
Jill,Doe
Joe,Doe
Justin,Doe
Jane,Doe
John,Doe
Jane,John
Bread,Peat
Iron,Man
Captain,America
Ant,Man
Jill,Doe
Joe,Doe
Justin,Doe
Jane,Doe
John,Doe
Jane,John
Bread,Peat
Iron,Man
Captain,America
Ant,Man
Jill,Doe
Joe,Doe
Justin,Doe
Jane,Doe
John,Doe
Jane,John
Bread,Peat
Iron,Man
Captain,America
Ant,Man
Jill,Doe
Joe,Doe
Justin,Doe
Jane,Doe
John,Doe
Jane,John
Bread,Peat
Iron,Man
Captain,America
Ant,Man
Jill,Doe
Joe,Doe
Justin,Doe
Jane,Doe
John,Doe
Jane,John
Bread,Peat
Iron,Man
Captain,America
Ant,Man
Jill,Doe
Joe,Doe
Justin,Doe
Jane,Doe
John,Doe
Jane,John
Bread,Peat
Iron,Man
Captain,America
Ant,Man
Jill,Doe
Joe,Doe
Justin,Doe
Jane,Doe
John,Doe
Jane,John
Bread,Peat
Iron,Man
Captain,America
Ant,Man
Jill,Doe
Joe,Doe
Justin,Doe
Jane,Doe
John,Doe
Jane,John
Bread,Peat
Iron,Man
Captain,America
Ant,Man
Jill,Doe
Joe,Doe
Justin,Doe
Jane,Doe
John,Doe
Jane,John
Bread,Peat
Iron,Man
Captain,America
Ant,Man
Jill,Doe
Joe,Doe
Justin,Doe
Jane,Doe
John,Doe
Jane,John
Bread,Peat
Iron,Man
Captain,America
Ant,Man
Jill,Doe
Joe,Doe
Justin,Doe
Jane,Doe
John,Doe
Jane,John
Bread,Peat
Iron,Man
Captain,America
Ant,Man
Jill,Doe
Joe,Doe
Justin,Doe
Jane,Doe
John,Doe
Jane,John
Bread,Peat
Iron,Man
Captain,America
Ant,Man
Jill,Doe
Joe,Doe
Justin,Doe
Jane,Doe
John,Doe
Jane,John
Bread,Peat
Iron,Man
Captain,America
Ant,Man
Jill,Doe
Joe,Doe
Justin,Doe
Jane,Doe
John,Doe
Jane,John
Bread,Peat
Iron,Man
Captain,America
Ant,Man
Jill,Doe
Joe,Doe
Justin,Doe
Jane,Doe
John,Doe
Jane,John
Bread,Peat
Iron,Man
Captain,America
Ant,Man
Jill,Doe
Joe,Doe
Justin,Doe
Jane,Doe
John,Doe
Jane,John
Bread,Peat
Iron,Man
Captain,America
Ant,Man
Jill,Doe
Joe,Doe
Justin,Doe
Jane,Doe
John,Doe
Jane,John
Bread,Peat
Iron,Man
Captain,America
Ant,Man
Jill,Doe
Joe,Doe
Justin,Doe
Jane,Doe
John,Doe
Jane,John
Bread,Peat
Iron,Man
Captain,America
Ant,Man
Jill,Doe
Joe,Doe
Justin,Doe
Jane,Doe
John,Doe
Jane,John
Bread,Peat
Iron,Man
Captain,America
Ant,Man
Jill,Doe
Joe,Doe
Justin,Doe
Jane,Doe
John,Doe
Jane,John
Bread,Peat
Iron,Man
Captain,America
Ant,Man
Jill,Doe
Joe,Doe
Justin,Doe
Jane,Doe
John,Doe
Jane,John
Bread,Peat
Iron,Man
Captain,America
Ant,Man
Jill,Doe
Joe,Doe
Justin,Doe
Jane,Doe
John,Doe
Jane,John
Bread,Peat
Iron,Man
Captain,America
Ant,Man
Jill,Doe
Joe,Doe
Justin,Doe
Jane,Doe
John,Doe
Jane,John
Bread,Peat
Iron,Man
Captain,America
Ant,Man
Jill,Doe
Joe,Doe
Justin,Doe
Jane,Doe
John,Doe
Jane,John
Bread,Peat
Iron,Man
Captain,America
Ant,Man
Jill,Doe
Joe,Doe
Justin,Doe
Jane,Doe
John,Doe
Jane,John
Bread,Peat
Iron,Man
Captain,America
Ant,Man
Jill,Doe
Joe,Doe
Justin,Doe
Jane,Doe
John,Doe
Jane,John
Bread,Peat
Iron,Man
Captain,America
Ant,Man
Jill,Doe
Joe,Doe
Justin,Doe
Jane,Doe
John,Doe
Jane,John
Bread,Peat
Iron,Man
Captain,America
Ant,Man
Jill,Doe
Joe,Doe
Justin,Doe
Jane,Doe
John,Doe
Jane,John
Bread,Peat
Iron,Man
Captain,America
Ant,Man
Jill,Doe
Joe,Doe
Justin,Doe
Jane,Doe
John,Doe
Jane,John
Bread,Peat
Iron,Man
Captain,America
Ant,Man
Jill,Doe
Joe,Doe
Justin,Doe
Jane,Doe
John,Doe
Jane,John
Bread,Peat
Iron,Man
Captain,America
Ant,Man
Jill,Doe
Joe,Doe
Justin,Doe
Jane,Doe
John,Doe
Jane,John
Bread,Peat
Iron,Man
Captain,America
Ant,Man
Jill,Doe
Joe,Doe
Justin,Doe
Jane,Doe
John,Doe
Jane,John
Bread,Peat
Iron,Man
Captain,America
Ant,Man
Jill,Doe
Joe,Doe
Justin,Doe
Jane,Doe
John,Doe
Jane,John
Bread,Peat
Iron,Man
Captain,America
Ant,Man
Jill,Doe
Joe,Doe
Justin,Doe
Jane,Doe
John,Doe
Jane,John
Bread,Peat
Iron,Man
Captain,America
Ant,Man
Jill,Doe
Joe,Doe
Justin,Doe
Jane,Doe
John,Doe
Jane,John
Bread,Peat
Iron,Man
Captain,America
Ant,Man
Jill,Doe
Joe,Doe
Justin,Doe
Jane,Doe
John,Doe
Jane,John
Bread,Peat
Iron,Man
Captain,America
Ant,Man
Jill,Doe
Joe,Doe
Justin,Doe
Jane,Doe
John,Doe
Jane,John
Bread,Peat
Iron,Man
Captain,America
Ant,Man
Jill,Doe
Joe,Doe
Justin,Doe
Jane,Doe
John,Doe
Jane,John
Bread,Peat
Iron,Man
Captain,America
Ant,Man
Jill,Doe
Joe,Doe
Justin,Doe
Jane,Doe
John,Doe
Jane,John
Bread,Peat
Iron,Man
Captain,America
Ant,Man
Jill,Doe
Joe,Doe
Justin,Doe
Jane,Doe
John,Doe
Jane,John
Bread,Peat
Iron,Man
Captain,America
Ant,Man
Jill,Doe
Joe,Doe
Justin,Doe
Jane,Doe
John,Doe
Jane,John
Bread,Peat
Iron,Man
Captain,America
Ant,Man
Jill,Doe
Joe,Doe
Justin,Doe
Jane,Doe
John,Doe
Jane,John
Bread,Peat
Iron,Man
Captain,America
Ant,Man
Jill,Doe
Joe,Doe
Justin,Doe
Jane,Doe
John,Doe
Jane,John
Bread,Peat
Iron,Man
Captain,America
Ant,Man
Jill,Doe
Joe,Doe
Justin,Doe
Jane,Doe
John,Doe
Jane,John
Bread,Peat
Iron,Man
Captain,America
Ant,Man
Jill,Doe
Joe,Doe
Justin,Doe
Jane,Doe
John,Doe
Jane,John
Bread,Peat
Iron,Man
Captain,America
Ant,Man
Jill,Doe
Joe,Doe
Justin,Doe
Jane,Doe
John,Doe
Jane,John
Bread,Peat
Iron,Man
Captain,America
Ant,Man
Jill,Doe
Joe,Doe
Justin,Doe
Jane,Doe
John,Doe
Jane,John
Bread,Peat
Iron,Man
Captain,America
Ant,Man
Jill,Doe
Joe,Doe
Justin,Doe
Jane,Doe
John,Doe
Jane,John
Bread,Peat
Iron,Man
Captain,America
Ant,Man
Jill,Doe
Joe,Doe
Justin,Doe
Jane,Doe
John,Doe
Jane,John
Bread,Peat
Iron,Man
Captain,America
Ant,Man
Jill,Doe
Joe,Doe
Justin,Doe
Jane,Doe
John,Doe
Jane,John
Bread,Peat
Iron,Man
Captain,America
Ant,Man
Jill,Doe
Joe,Doe
Justin,Doe
Jane,Doe
John,Doe
Jane,John
Bread,Peat
Iron,Man
Captain,America
Ant,Man
Jill,Doe
Joe,Doe
Justin,Doe
Jane,Doe
John,Doe
Jane,John
Bread,Peat
Iron,Man
Captain,America
Ant,Man
Jill,Doe
Joe,Doe
Justin,Doe
Jane,Doe
John,Doe
Jane,John
Bread,Peat
Iron,Man
Captain,America
Ant,Man
Jill,Doe
Joe,Doe
Justin,Doe
Jane,Doe
John,Doe
Jane,John
Bread,Peat
Iron,Man
Captain,America
Ant,Man
Jill,Doe
Joe,Doe
Justin,Doe
Jane,Doe
John,Doe
Jane,John
Bread,Peat
Iron,Man
Captain,America
Ant,Man
Jill,Doe
Joe,Doe
Justin,Doe
Jane,Doe
John,Doe
Jane,John
Bread,Peat
Iron,Man
Captain,America
Ant,Man
Jill,Doe
Joe,Doe
Justin,Doe
Jane,Doe
John,Doe
Jane,John
Bread,Peat
Iron,Man
Captain,America
Ant,Man
Jill,Doe
Joe,Doe
Justin,Doe
Jane,Doe
John,Doe
Jane,John
Bread,Peat
Iron,Man
Captain,America
Ant,Man
Jill,Doe
Joe,Doe
Justin,Doe
Jane,Doe
John,Doe
Jane,John
Bread,Peat
Iron,Man
Captain,America
Ant,Man
Jill,Doe
Joe,Doe
Justin,Doe
Jane,Doe
John,Doe
Jane,John
Bread,Peat
Iron,Man
Captain,America
Ant,Man
Jill,Doe
Joe,Doe
Justin,Doe
Jane,Doe
John,Doe
Jane,John
Bread,Peat
Iron,Man
Captain,America
Ant,Man
Jill,Doe
Joe,Doe
Justin,Doe
Jane,Doe
John,Doe
Jane,John
Bread,Peat
Iron,Man
Captain,America
Ant,Man
Jill,Doe
Joe,Doe
Justin,Doe
Jane,Doe
John,Doe
Jane,John
Bread,Peat
Iron,Man
Captain,America
Ant,Man
Jill,Doe
Joe,Doe
Justin,Doe
Jane,Doe
John,Doe
Jane,John
Bread,Peat
Iron,Man
Captain,America
Ant,Man
Jill,Doe
Joe,Doe
Justin,Doe
Jane,Doe
John,Doe
Jane,John
Bread,Peat
Iron,Man
Captain,America
Ant,Man
Jill,Doe
Joe,Doe
Justin,Doe
Jane,Doe
John,Doe
Jane,John
Bread,Peat
Iron,Man
Captain,America
Ant,Man
Jill,Doe
Joe,Doe
Justin,Doe
Jane,Doe
John,Doe
Jane,John
Bread,Peat
Iron,Man
Captain,America
Ant,Man
Jill,Doe
Joe,Doe
Justin,Doe
Jane,Doe
John,Doe
Jane,John
Bread,Peat
Iron,Man
Captain,America
Ant,Man
Jill,Doe
Joe,Doe
Justin,Doe
Jane,Doe
John,Doe
Jane,John
Bread,Peat
Iron,Man
Captain,America
Ant,Man
Jill,Doe
Joe,Doe
Justin,Doe
Jane,Doe
John,Doe
Jane,John
Bread,Peat
Iron,Man
Captain,America
Ant,Man
Jill,Doe
Joe,Doe
Justin,Doe
Jane,Doe
John,Doe
Jane,John
Bread,Peat
Iron,Man
Captain,America
Ant,Man
Jill,Doe
Joe,Doe
Justin,Doe
Jane,Doe
John,Doe
Jane,John
Bread,Peat
Iron,Man
Captain,America
Ant,Man
Jill,Doe
Joe,Doe
Justin,Doe
Jane,Doe
John,Doe
Jane,John
Bread,Peat
Iron,Man
Captain,America
Ant,Man
Jill,Doe
Joe,Doe
Justin,Doe
Jane,Doe
John,Doe
Jane,John
Bread,Peat
Iron,Man
Captain,America
Ant,Man
Jill,Doe
Joe,Doe
Justin,Doe
Jane,Doe
John,Doe
Jane,John
Bread,Peat
Iron,Man
Captain,America
Ant,Man
Jill,Doe
Joe,Doe
Justin,Doe
Jane,Doe
John,Doe
Jane,John
Bread,Peat
Iron,Man
Captain,America
Ant,Man
Jill,Doe
Joe,Doe
Justin,Doe
Jane,Doe
John,Doe
Jane,John
Bread,Peat
Iron,Man
Captain,America
Ant,Man
Jill,Doe
Joe,Doe
Justin,Doe
Jane,Doe
John,Doe
Jane,John
Bread,Peat
Iron,Man
Captain,America
Ant,Man
Jill,Doe
Joe,Doe
Justin,Doe
Jane,Doe
John,Doe
Jane,John
Bread,Peat
Iron,Man
Captain,America
Ant,Man
Jill,Doe
Joe,Doe
Justin,Doe
Jane,Doe
John,Doe
Jane,John
Bread,Peat
Iron,Man
Captain,America
Ant,Man
Jill,Doe
Joe,Doe
Justin,Doe
Jane,Doe
John,Doe
Jane,John
Bread,Peat
Iron,Man
Captain,America
Ant,Man
Jill,Doe
Joe,Doe
Justin,Doe
Jane,Doe
John,Doe
Jane,John
Bread,Peat
Iron,Man
Captain,America
Ant,Man
Jill,Doe
Joe,Doe
Justin,Doe
Jane,Doe
John,Doe
Jane,John
Bread,Peat
Iron,Man
Captain,America
Ant,Man
Jill,Doe
Joe,Doe
Justin,Doe
Jane,Doe
John,Doe
Jane,John
Bread,Peat
Iron,Man
Captain,America
Ant,Man
Jill,Doe
Joe,Doe
Justin,Doe
Jane,Doe
John,Doe
Jane,John
Bread,Peat
Iron,Man
Captain,America
Ant,Man
Jill,Doe
Joe,Doe
Justin,Doe
Jane,Doe
John,Doe
Jane,John
Bread,Peat
Iron,Man
Captain,America
Ant,Man
Jill,Doe
Joe,Doe
Justin,Doe
Jane,Doe
John,Doe
Jane,John
Bread,Peat
Iron,Man
Captain,America
Ant,Man
Jill,Doe
Joe,Doe
Justin,Doe
Jane,Doe
John,Doe
Jane,John
Bread,Peat
Iron,Man
Captain,America
Ant,Man
Jill,Doe
Joe,Doe
Justin,Doe
Jane,Doe
John,Doe
Jane,John
Bread,Peat
Iron,Man
Captain,America
Ant,Man
Jill,Doe
Joe,Doe
Justin,Doe
Jane,Doe
John,Doe
Jane,John
Bread,Peat
Iron,Man
Captain,America
Ant,Man
Jill,Doe
Joe,Doe
Justin,Doe
Jane,Doe
John,Doe
Jane,John
Bread,Peat
Iron,Man
Captain,America
Ant,Man
Jill,Doe
Joe,Doe
Justin,Doe
Jane,Doe
John,Doe
Jane,John
Bread,Peat
Iron,Man
Captain,America
Ant,Man
Jill,Doe
Joe,Doe
Justin,Doe
Jane,Doe
John,Doe
Jane,John
Bread,Peat
Iron,Man
Captain,America
Ant,Man
Jill,Doe
Joe,Doe
Justin,Doe
Jane,Doe
John,Doe
Jane,John
Bread,Peat
Iron,Man
Captain,America
Ant,Man
Jill,Doe
Joe,Doe
Justin,Doe
Jane,Doe
John,Doe
Jane,John
Bread,Peat
Iron,Man
Captain,America
Ant,Man
Jill,Doe
Joe,Doe
Justin,Doe
Jane,Doe
John,Doe
Jane,John
Bread,Peat
Iron,Man
Captain,America
Ant,Man
Jill,Doe
Joe,Doe
Justin,Doe
Jane,Doe
John,Doe
Jane,John
Bread,Peat
Iron,Man
Captain,America
Ant,Man
Jill,Doe
Joe,Doe
Justin,Doe
Jane,Doe
John,Doe
Jane,John
Bread,Peat
Iron,Man
Captain,America
Ant,Man
Jill,Doe
Joe,Doe
Justin,Doe
Jane,Doe
John,Doe
Jane,John
Bread,Peat
Iron,Man
Captain,America
Ant,Man
Jill,Doe
Joe,Doe
Justin,Doe
Jane,Doe
John,Doe
Jane,John
Bread,Peat
Iron,Man
Captain,America
Ant,Man
Jill,Doe
Joe,Doe
Justin,Doe
Jane,Doe
John,Doe
Jane,John
Bread,Peat
Iron,Man
Captain,America
Ant,Man
Jill,Doe
Joe,Doe
Justin,Doe
Jane,Doe
John,Doe
Jane,John
Bread,Peat
Iron,Man
Captain,America
Ant,Man
Jill,Doe
Joe,Doe
Justin,Doe
Jane,Doe
John,Doe
Jane,John
Bread,Peat
Iron,Man
Captain,America
Ant,Man
Jill,Doe
Joe,Doe
Justin,Doe
Jane,Doe
John,Doe
Jane,John
Bread,Peat
Iron,Man
Captain,America
Ant,Man
Jill,Doe
Joe,Doe
Justin,Doe
Jane,Doe
John,Doe
Jane,John
Bread,Peat
Iron,Man
Captain,America
Ant,Man
Jill,Doe
Joe,Doe
Justin,Doe
Jane,Doe
John,Doe
Jane,John
Bread,Peat
Iron,Man
Captain,America
Ant,Man
Jill,Doe
Joe,Doe
Justin,Doe
Jane,Doe
John,Doe
Jane,John
Bread,Peat
Iron,Man
Captain,America
Ant,Man
Jill,Doe
Joe,Doe
Justin,Doe
Jane,Doe
John,Doe
Jane,John
Bread,Peat
Iron,Man
Captain,America
Ant,Man
Jill,Doe
Joe,Doe
Justin,Doe
Jane,Doe
John,Doe
Jane,John
Bread,Peat
Iron,Man
Captain,America
Ant,Man
Jill,Doe
Joe,Doe
Justin,Doe
Jane,Doe
John,Doe
Jane,John
Bread,Peat
Iron,Man
Captain,America
Ant,Man
Jill,Doe
Joe,Doe
Justin,Doe
Jane,Doe
John,Doe
Jane,John
Bread,Peat
Iron,Man
Captain,America
Ant,Man
Jill,Doe
Joe,Doe
Justin,Doe
Jane,Doe
John,Doe
Jane,John
Bread,Peat
Iron,Man
Captain,America
Ant,Man
Jill,Doe
Joe,Doe
Justin,Doe
Jane,Doe
John,Doe
Jane,John
Bread,Peat
Iron,Man
Captain,America
Ant,Man
Jill,Doe
Joe,Doe
Justin,Doe
Jane,Doe
John,Doe
Jane,John
Bread,Peat
Iron,Man
Captain,America
Ant,Man
Jill,Doe
Joe,Doe
Justin,Doe
Jane,Doe
John,Doe
Jane,John
Bread,Peat
Iron,Man
Captain,America
Ant,Man
Jill,Doe
Joe,Doe
Justin,Doe
Jane,Doe
John,Doe
Jane,John
Bread,Peat
Iron,Man
Captain,America
Ant,Man
Jill,Doe
Joe,Doe
Justin,Doe
Jane,Doe
John,Doe
Jane,John
Bread,Peat
Iron,Man
Captain,America
Ant,Man
Jill,Doe
Joe,Doe
Justin,Doe
Jane,Doe
John,Doe
Jane,John
Bread,Peat
Iron,Man
Captain,America
Ant,Man
Jill,Doe
Joe,Doe
Justin,Doe
Jane,Doe
John,Doe
Jane,John
Bread,Peat
Iron,Man
Captain,America
Ant,Man
Jill,Doe
Joe,Doe
Justin,Doe
Jane,Doe
John,Doe
Jane,John
Bread,Peat
Iron,Man
Captain,America
Ant,Man
Jill,Doe
Joe,Doe
Justin,Doe
Jane,Doe
John,Doe
Jane,John
Bread,Peat
Iron,Man
Captain,America
Ant,Man
Jill,Doe
Joe,Doe
Justin,Doe
Jane,Doe
John,Doe
Jane,John
Bread,Peat
Iron,Man
Captain,America
Ant,Man
Jill,Doe
Joe,Doe
Justin,Doe
Jane,Doe
John,Doe
Jane,John
Bread,Peat
Iron,Man
Captain,America
Ant,Man
Jill,Doe
Joe,Doe
Justin,Doe
Jane,Doe
John,Doe
Jane,John
Bread,Peat
Iron,Man
Captain,America
Ant,Man
Jill,Doe
Joe,Doe
Justin,Doe
Jane,Doe
John,Doe
Jane,John
Bread,Peat
Iron,Man
Captain,America
Ant,Man
Jill,Doe
Joe,Doe
Justin,Doe
Jane,Doe
John,Doe
Jane,John
Bread,Peat
Iron,Man
Captain,America
Ant,Man
Jill,Doe
Joe,Doe
Justin,Doe
Jane,Doe
John,Doe
Jane,John
Bread,Peat
Iron,Man
Captain,America
Ant,Man
Jill,Doe
Joe,Doe
Justin,Doe
Jane,Doe
John,Doe
Jane,John
Bread,Peat
Iron,Man
Captain,America
Ant,Man
Jill,Doe
Joe,Doe
Justin,Doe
Jane,Doe
John,Doe
Jane,John
Bread,Peat
Iron,Man
Captain,America
Ant,Man
Jill,Doe
Joe,Doe
Justin,Doe
Jane,Doe
John,Doe
Jane,John
Bread,Peat
Iron,Man
Captain,America
Ant,Man
Jill,Doe
Joe,Doe
Justin,Doe
Jane,Doe
John,Doe
Jane,John
Bread,Peat
Iron,Man
Captain,America
Ant,Man
Jill,Doe
Joe,Doe
Justin,Doe
Jane,Doe
John,Doe
Jane,John
Bread,Peat
Iron,Man
Captain,America
Ant,Man
Jill,Doe
Joe,Doe
Justin,Doe
Jane,Doe
John,Doe
Jane,John
Bread,Peat
Iron,Man
Captain,America
Ant,Man
Jill,Doe
Joe,Doe
Justin,Doe
Jane,Doe
John,Doe
Jane,John
Bread,Peat
Iron,Man
Captain,America
Ant,Man
Jill,Doe
Joe,Doe
Justin,Doe
Jane,Doe
John,Doe
Jane,John
Bread,Peat
Iron,Man
Captain,America
Ant,Man
Jill,Doe
Joe,Doe
Justin,Doe
Jane,Doe
John,Doe
Jane,John
Bread,Peat
Iron,Man
Captain,America
Ant,Man
Jill,Doe
Joe,Doe
Justin,Doe
Jane,Doe
John,Doe
Jane,John
Bread,Peat
Iron,Man
Captain,America
Ant,Man
Jill,Doe
Joe,Doe
Justin,Doe
Jane,Doe
John,Doe
Jane,John
Bread,Peat
Iron,Man
Captain,America
Ant,Man
Jill,Doe
Joe,Doe
Justin,Doe
Jane,Doe
John,Doe
Jane,John
Bread,Peat
Iron,Man
Captain,America
Ant,Man
Jill,Doe
Joe,Doe
Justin,Doe
Jane,Doe
John,Doe
Jane,John
Bread,Peat
Iron,Man
Captain,America
Ant,Man
Jill,Doe
Joe,Doe
Justin,Doe
Jane,Doe
John,Doe
Jane,John
Bread,Peat
Iron,Man
Captain,America
Ant,Man
Jill,Doe
Joe,Doe
Justin,Doe
Jane,Doe
John,Doe
Jane,John
Bread,Peat
Iron,Man
Captain,America
Ant,Man
Jill,Doe
Joe,Doe
Justin,Doe
Jane,Doe
John,Doe
Jane,John
Bread,Peat
Iron,Man
Captain,America
Ant,Man
Jill,Doe
Joe,Doe
Justin,Doe
Jane,Doe
John,Doe
Jane,John
Bread,Peat
Iron,Man
Captain,America
Ant,Man
Jill,Doe
Joe,Doe
Justin,Doe
Jane,Doe
John,Doe
Jane,John
Bread,Peat
Iron,Man
Captain,America
Ant,Man
Jill,Doe
Joe,Doe
Justin,Doe
Jane,Doe
John,Doe
Jane,John
Bread,Peat
Iron,Man
Captain,America
Ant,Man
Jill,Doe
Joe,Doe
Justin,Doe
Jane,Doe
John,Doe
Jane,John
Bread,Peat
Iron,Man
Captain,America
Ant,Man
Jill,Doe
Joe,Doe
Justin,Doe
Jane,Doe
John,Doe
Jane,John
Bread,Peat
Iron,Man
Captain,America
Ant,Man
Jill,Doe
Joe,Doe
Justin,Doe
Jane,Doe
John,Doe
Jane,John
Bread,Peat
Iron,Man
Captain,America
Ant,Man
Jill,Doe
Joe,Doe
Justin,Doe
Jane,Doe
John,Doe
Jane,John
Bread,Peat
Iron,Man
Captain,America
Ant,Man
Jill,Doe
Joe,Doe
Justin,Doe
Jane,Doe
John,Doe
Jane,John
Bread,Peat
Iron,Man
Captain,America
Ant,Man
Jill,Doe
Joe,Doe
Justin,Doe
Jane,Doe
John,Doe
Jane,John
Bread,Peat
Iron,Man
Captain,America
Ant,Man
Jill,Doe
Joe,Doe
Justin,Doe
Jane,Doe
John,Doe
Jane,John
Bread,Peat
Iron,Man
Captain,America
Ant,Man
Jill,Doe
Joe,Doe
Justin,Doe
Jane,Doe
John,Doe
Jane,John
Bread,Peat
Iron,Man
Captain,America
Ant,Man
Jill,Doe
Joe,Doe
Justin,Doe
Jane,Doe
John,Doe
Jane,John
Bread,Peat
Iron,Man
Captain,America
Ant,Man
Jill,Doe
Joe,Doe
Justin,Doe
Jane,Doe
John,Doe
Jane,John
Bread,Peat
Iron,Man
Captain,America
Ant,Man
Jill,Doe
Joe,Doe
Justin,Doe
Jane,Doe
John,Doe
Jane,John
Bread,Peat
Iron,Man
Captain,America
Ant,Man
Jill,Doe
Joe,Doe
Justin,Doe
Jane,Doe
John,Doe
Jane,John
Bread,Peat
Iron,Man
Captain,America
Ant,Man
Jill,Doe
Joe,Doe
Justin,Doe
Jane,Doe
John,Doe
Jane,John
Bread,Peat
Iron,Man
Captain,America
Ant,Man
Jill,Doe
Joe,Doe
Justin,Doe
Jane,Doe
John,Doe
Jane,John
Bread,Peat
Iron,Man
Captain,America
Ant,Man
Jill,Doe
Joe,Doe
Justin,Doe
Jane,Doe
John,Doe
Jane,John
Bread,Peat
Iron,Man
Captain,America
Ant,Man
Jill,Doe
Joe,Doe
Justin,Doe
Jane,Doe
John,Doe
Jane,John
Bread,Peat
Iron,Man
Captain,America
Ant,Man
Jill,Doe
Joe,Doe
Justin,Doe
Jane,Doe
John,Doe
Jane,John
Bread,Peat
Iron,Man
Captain,America
Ant,Man
Jill,Doe
Joe,Doe
Justin,Doe
Jane,Doe
John,Doe
Jane,John
Bread,Peat
Iron,Man
Captain,America
Ant,Man
Jill,Doe
Joe,Doe
Justin,Doe
Jane,Doe
John,Doe
Jane,John
Bread,Peat
Iron,Man
Captain,America
Ant,Man
Jill,Doe
Joe,Doe
Justin,Doe
Jane,Doe
John,Doe
Jane,John
Bread,Peat
Iron,Man
Captain,America
Ant,Man
